delete from TBL_PATIENT_202004;

create table TBL_PATIENT_202004 (
	P_NO CHAR(4) NOT NULL PRIMARY KEY,
	P_NAME VARCHAR2(20),
	P_BIRTH CHAR(8),
	P_GNEDER CHAR(1),
	P_TEL1 CHAR(3),
	P_TEL2 CHAR(4),
	P_TEL3 CHAR(4),
	P_CITY CHAR(2)
);

INSERT INTO TBL_PATIENT_202004 VALUES
('1001', '김환자', '19850301', 'M', '010', '2222', '0001', '10');
INSERT INTO TBL_PATIENT_202004 VALUES
('1002', '이환자', '19900301', 'M', '010', '2222', '0002', '20');
INSERT INTO TBL_PATIENT_202004 VALUES
('1003', '박환자', '19770301', 'F', '010', '2222', '0003', '30');
INSERT INTO TBL_PATIENT_202004 VALUES
('1004', '조환자', '19650301', 'F', '010', '2222', '0004', '10');
INSERT INTO TBL_PATIENT_202004 VALUES
('1005', '황환자', '19400301', 'M', '010', '2222', '0005', '40');
INSERT INTO TBL_PATIENT_202004 VALUES
('1006', '양환자', '19440301', 'F', '010', '2222', '0006', '40');
INSERT INTO TBL_PATIENT_202004 VALUES
('1007', '허환자', '19760301', 'F', '010', '2222', '0007', '10');

SELECT * FROM TBL_PATIENT_202004;

delete from TBL_LAB_TEST_202004;

create table TBL_LAB_TEST_202004 (
	T_CODE CHAR(4) NOT NULL PRIMARY KEY,
	T_NAME VARCHAR2(20)
);

INSERT INTO TBL_LAB_TEST_202004 VALUES
('T001', '결핵');
INSERT INTO TBL_LAB_TEST_202004 VALUES
('T002', '장티푸스');
INSERT INTO TBL_LAB_TEST_202004 VALUES
('T003', '수두');
INSERT INTO TBL_LAB_TEST_202004 VALUES
('T004', '홍역');
INSERT INTO TBL_LAB_TEST_202004 VALUES
('T005', '콜레라');

SELECT * FROM TBL_LAB_TEST_202004;

delete from TBL_RESULT_202004;

create table TBL_RESULT_202004 (
	P_NO CHAR(4) NOT NULL,
	T_CODE CHAR(4),
	T_SDATE DATE,
	T_STATUS CHAR(1),
	T_LDATE DATE,
	T_RESULT CHAR(1),
	PRIMARY KEY(P_NO, T_CODE, T_SDATE)
);

INSERT INTO TBL_RESULT_202004 VALUES
('1001', 'T001', '20200101', '1', '20200102', 'X');
INSERT INTO TBL_RESULT_202004 VALUES
('1002', 'T002', '20200101', '2', '20200102', 'P');
INSERT INTO TBL_RESULT_202004 VALUES
('1003', 'T003', '20200101', '2', '20200102', 'N');
INSERT INTO TBL_RESULT_202004 VALUES
('1004', 'T004', '20200101', '2', '20200102', 'P');
INSERT INTO TBL_RESULT_202004 VALUES
('1005', 'T005', '20200101', '2', '20200102', 'P');
INSERT INTO TBL_RESULT_202004 VALUES
('1006', 'T001', '20200101', '2', '20200102', 'N');
INSERT INTO TBL_RESULT_202004 VALUES
('1007', 'T002', '20200101', '2', '20200102', 'P');
INSERT INTO TBL_RESULT_202004 VALUES
('1005', 'T003', '20200101', '2', '20200102', 'P');
INSERT INTO TBL_RESULT_202004 VALUES
('1006', 'T004', '20200101', '2', '20200102', 'N');
INSERT INTO TBL_RESULT_202004 VALUES
('1007', 'T005', '20200101', '2', '20200102', 'N');


SELECT * FROM TBL_RESULT_202004;
