-- 타입확인 필수
DROP TABLE TBL_JUMIN_202108;
CREATE TABLE TBL_JUMIN_202108 (
	JUMIN VARCHAR2(20) NOT NULL PRIMARY KEY,
	MANE VARCHAR2(15),
	PHONE VARCHAR2(15),
	ADDRESS VARCHAR2(50)
);
INSERT INTO TBL_JUMIN_202108 VALUES
('710101-1000001', '김주민', '010-1111-1111', '경기도 성남시 수정구 태평1동');
INSERT INTO TBL_JUMIN_202108 VALUES
('710101-2000001', '이주민', '010-1111-2222', '경기도 성남시 수정구 태평2동');
INSERT INTO TBL_JUMIN_202108 VALUES
('730101-1000001', '박주민', '010-1111-3333', '경기도 성남시 수정구 복정동');
INSERT INTO TBL_JUMIN_202108 VALUES
('740101-2000001', '홍주민', '010-1111-4444', '경기도 성남시 수정구 산성동');
INSERT INTO TBL_JUMIN_202108 VALUES
('750101-1000001', '조주민', '010-1111-5555', '경기도 성남시 수정구 성남동');
INSERT INTO TBL_JUMIN_202108 VALUES
('760101-2000001', '최주민', '010-1111-6666', '경기도 성남시 수정구 중앙동');
INSERT INTO TBL_JUMIN_202108 VALUES
('770101-1000001', '정주민', '010-1111-7777', '경기도 성남시 수정구 상대원동');
INSERT INTO TBL_JUMIN_202108 VALUES
('780101-2000001', '장주민', '010-1111-8888', '경기도 성남시 수정구 하대원동');
INSERT INTO TBL_JUMIN_202108 VALUES
('790101-1000001', '강주민', '010-1111-9999', '경기도 성남시 수정구 야탑1동');
INSERT INTO TBL_JUMIN_202108 VALUES
('800101-2000001', '신주민', '010-2222-1111', '경기도 성남시 수정구 야탑2동');


DROP TABLE TBL_HOSP_202108;
CREATE TABLE TBL_HOSP_202108 (
	HOSPCODE CHAR(4) NOT NULL PRIMARY KEY,
	HOSPNAME VARCHAR2(40),
	HOSPTEL VARCHAR2(15),
	HOSPADDR VARCHAR2(50)
);
INSERT INTO TBL_HOSP_202108 VALUES
('H001', '가_병원', '031-1111-2222', '10');
INSERT INTO TBL_HOSP_202108 VALUES
('H002', '나_병원', '031-1111-3333', '20');
INSERT INTO TBL_HOSP_202108 VALUES
('H003', '다_병원', '031-1111-4444', '30');
INSERT INTO TBL_HOSP_202108 VALUES
('H004', '라_병원', '031-1111-5555', '40');


-- INPUT DATA
DROP TABLE TBL_VACCRESV_202108;
CREATE TABLE TBL_VACCRESV_202108 (
	RESVNO VARCHAR2(40) NOT NULL PRIMARY KEY,
	JUMIN VARCHAR2(40),
	HOSPCODE VARCHAR2(40),
	RESVDATE VARCHAR2(40),
	RESVTIME VARCHAR2(40),
	VCODE VARCHAR2(40)
);

delete from TBL_VACCRESV_202108;

select * from TBL_VACCRESV_202108;

-- 2021001, 710101-1000001, H001, 20210801, 0930, V001
INSERT INTO TBL_VACCRESV_202108 VALUES
('2021001', '710101-1000001', 'H001', '20210801', '0930', 'V001');
INSERT INTO TBL_VACCRESV_202108 VALUES
('2021002', '720101-2000001', 'H001', '20210801', '1030', 'V002');
INSERT INTO TBL_VACCRESV_202108 VALUES
('2021003', '730101-1000001', 'H003', '20210801', '1130', 'V003');
INSERT INTO TBL_VACCRESV_202108 VALUES
('2021004', '740101-2000001', 'H001', '20210801', '1230', 'V001');
INSERT INTO TBL_VACCRESV_202108 VALUES
('2021005', '750101-1000001', 'H001', '20210801', '1330', 'V002');
INSERT INTO TBL_VACCRESV_202108 VALUES
('2021006', '760101-2000001', 'H002', '20210801', '1430', 'V003');
INSERT INTO TBL_VACCRESV_202108 VALUES
('2021007', '770101-1000001', 'H003', '20210801', '1530', 'V001');
INSERT INTO TBL_VACCRESV_202108 VALUES
('2021008', '780101-2000001', 'H001', '20210801', '1630', 'V002');
INSERT INTO TBL_VACCRESV_202108 VALUES
('2021009', '790101-1000001', 'H001', '20210801', '1730', 'V003');
INSERT INTO TBL_VACCRESV_202108 VALUES
('2021010', '800101-2000001', 'H002', '20210801', '1830', 'V001');


DROP TABLE CITY_CODE_TBL_20;
CREATE TABLE CITY_CODE_TBL_20 (
	CITY CHAR(2) NOT NULL PRIMARY KEY,
	CITY_NAME VARCHAR2(20),
	IDATE DATE
);

INSERT INTO CITY_CODE_TBL_20 VALUES
('10', '서울', SYSDATE);
INSERT INTO CITY_CODE_TBL_20 VALUES
('20', '대전', SYSDATE);
INSERT INTO CITY_CODE_TBL_20 VALUES
('30', '대구', SYSDATE);
INSERT INTO CITY_CODE_TBL_20 VALUES
('40', '광주', SYSDATE);
INSERT INTO CITY_CODE_TBL_20 VALUES
('50', '성남', SYSDATE);
INSERT INTO CITY_CODE_TBL_20 VALUES
('60', '수원', SYSDATE);
INSERT INTO CITY_CODE_TBL_20 VALUES
('70', '분당', SYSDATE);
INSERT INTO CITY_CODE_TBL_20 VALUES
('80', '용인', SYSDATE);
INSERT INTO CITY_CODE_TBL_20 VALUES
('90', '과천', SYSDATE);